id,created_at,serviceid,driverid
7,2026-05-19 00:44:00.437129+00,66a03e23-bec4-4cd3-8fd4-ebd447201ed1,40df56c3-a65c-485b-8664-880b2349b1c0
8,2026-05-19 00:44:00.437129+00,fba772db-10be-4403-a88e-e907d39b31be,40df56c3-a65c-485b-8664-880b2349b1c0
9,2026-05-19 00:44:00.437129+00,e23fcdcb-5cf6-48a5-8e74-38e2d4b79691,40df56c3-a65c-485b-8664-880b2349b1c0
10,2026-05-19 00:44:00.437129+00,75497336-75df-4fb2-bf2e-be74003ecba2,40df56c3-a65c-485b-8664-880b2349b1c0
11,2026-05-19 00:44:00.437129+00,9a1d588c-c64d-48dc-97d1-c805082a273e,40df56c3-a65c-485b-8664-880b2349b1c0
12,2026-05-19 12:40:16.447475+00,66a03e23-bec4-4cd3-8fd4-ebd447201ed1,4807ee03-815e-4177-85c9-f73df3f38bdf
13,2026-05-19 12:40:16.447475+00,fba772db-10be-4403-a88e-e907d39b31be,4807ee03-815e-4177-85c9-f73df3f38bdf
14,2026-05-19 12:40:16.447475+00,e23fcdcb-5cf6-48a5-8e74-38e2d4b79691,4807ee03-815e-4177-85c9-f73df3f38bdf
15,2026-05-19 12:40:16.447475+00,75497336-75df-4fb2-bf2e-be74003ecba2,4807ee03-815e-4177-85c9-f73df3f38bdf
16,2026-05-19 12:40:16.447475+00,9a1d588c-c64d-48dc-97d1-c805082a273e,4807ee03-815e-4177-85c9-f73df3f38bdf
17,2026-05-19 13:04:35.506389+00,32c5cfe5-ddcc-4230-a11a-f1fe99e36756,381eda5c-57c5-4327-8b64-78420f7669f2
18,2026-05-19 13:04:59.353396+00,66a03e23-bec4-4cd3-8fd4-ebd447201ed1,381eda5c-57c5-4327-8b64-78420f7669f2
19,2026-05-19 13:05:15.637274+00,75497336-75df-4fb2-bf2e-be74003ecba2,381eda5c-57c5-4327-8b64-78420f7669f2
20,2026-05-19 13:05:32.602553+00,9a1d588c-c64d-48dc-97d1-c805082a273e,381eda5c-57c5-4327-8b64-78420f7669f2
21,2026-05-19 13:05:46.038476+00,e23fcdcb-5cf6-48a5-8e74-38e2d4b79691,381eda5c-57c5-4327-8b64-78420f7669f2
22,2026-05-19 13:06:06.064199+00,fba772db-10be-4403-a88e-e907d39b31be,381eda5c-57c5-4327-8b64-78420f7669f2
23,2026-05-19 13:13:01.978373+00,fba772db-10be-4403-a88e-e907d39b31be,381eda5c-57c5-4327-8b64-78420f7769f2
24,2026-05-19 13:13:27.251692+00,e23fcdcb-5cf6-48a5-8e74-38e2d4b79691,381eda5c-57c5-4327-8b64-78420f7669f2
25,2026-05-19 13:13:44.662058+00,9a1d588c-c64d-48dc-97d1-c805082a273e,381eda5c-57c5-4327-8b64-78420f7669f2
26,2026-05-19 13:13:55.870069+00,75497336-75df-4fb2-bf2e-be74003ecba2,381eda5c-57c5-4327-8b64-78420f7669f2
27,2026-05-19 13:14:19.084534+00,32c5cfe5-ddcc-4230-a11a-f1fe99e36756,381eda5c-57c5-4327-8b64-78420f7669f2
28,2026-05-19 13:14:28.988419+00,66a03e23-bec4-4cd3-8fd4-ebd447201ed1,381eda5c-57c5-4327-8b64-78420f7669f2
29,2026-05-19 13:19:18.559828+00,fba772db-10be-4403-a88e-e907d39b31be,481eda5c-57c5-4327-8b64-78420f7669f2
30,2026-05-19 13:19:50.260925+00,e23fcdcb-5cf6-48a5-8e74-38e2d4b79691,481eda5c-57c5-4327-8b64-78420f7669f2
31,2026-05-19 13:20:33.319211+00,75497336-75df-4fb2-bf2e-be74003ecba2,481eda5c-57c5-4327-8b64-78420f7669f2
32,2026-05-19 13:21:11.64365+00,32c5cfe5-ddcc-4230-a11a-f1fe99e36756,481eda5c-57c5-4327-8b64-78420f7669f2
33,2026-05-19 13:22:09.32511+00,66a03e23-bec4-4cd3-8fd4-ebd447201ed1,481eda5c-57c5-4327-8b64-78420f7669f2
34,2026-05-19 13:22:19.826164+00,9a1d588c-c64d-48dc-97d1-c805082a273e,481eda5c-57c5-4327-8b64-78420f7669f2
35,2026-05-19 13:24:26.716383+00,66a03e23-bec4-4cd3-8fd4-ebd447201ed1,12cb71d6-4bb5-483d-9037-e27490078afa
36,2026-05-19 13:24:26.716383+00,fba772db-10be-4403-a88e-e907d39b31be,12cb71d6-4bb5-483d-9037-e27490078afa
37,2026-05-19 13:24:26.716383+00,e23fcdcb-5cf6-48a5-8e74-38e2d4b79691,12cb71d6-4bb5-483d-9037-e27490078afa
38,2026-05-19 13:24:26.716383+00,75497336-75df-4fb2-bf2e-be74003ecba2,12cb71d6-4bb5-483d-9037-e27490078afa
39,2026-05-19 13:24:26.716383+00,9a1d588c-c64d-48dc-97d1-c805082a273e,12cb71d6-4bb5-483d-9037-e27490078afa
40,2026-05-19 13:24:26.716383+00,32c5cfe5-ddcc-4230-a11a-f1fe99e36756,12cb71d6-4bb5-483d-9037-e27490078afa
41,2026-05-19 13:25:49.886414+00,66a03e23-bec4-4cd3-8fd4-ebd447201ed1,391eda5c-57c5-4327-8b64-78420f7669f3
42,2026-05-19 13:26:06.35881+00,75497336-75df-4fb2-bf2e-be74003ecba2,391eda5c-57c5-4327-8b64-78420f7669f3
43,2026-05-19 13:26:16.474391+00,9a1d588c-c64d-48dc-97d1-c805082a273e,391eda5c-57c5-4327-8b64-78420f7669f3
44,2026-05-19 13:26:27.550491+00,e23fcdcb-5cf6-48a5-8e74-38e2d4b79691,391eda5c-57c5-4327-8b64-78420f7669f3
45,2026-05-19 13:26:43.77604+00,fba772db-10be-4403-a88e-e907d39b31be,391eda5c-57c5-4327-8b64-78420f7669f3
48,2026-05-19 13:29:32.591237+00,fba772db-10be-4403-a88e-e907d39b31be,391eda5c-57c5-4327-8b64-78420f7669f6
49,2026-05-19 13:29:46.320868+00,e23fcdcb-5cf6-48a5-8e74-38e2d4b79691,391eda5c-57c5-4327-8b64-78420f7669f6
50,2026-05-19 13:29:56.09168+00,9a1d588c-c64d-48dc-97d1-c805082a273e,391eda5c-57c5-4327-8b64-78420f7669f6
51,2026-05-19 13:30:07.786981+00,75497336-75df-4fb2-bf2e-be74003ecba2,391eda5c-57c5-4327-8b64-78420f7669f6
52,2026-05-19 13:30:17.97965+00,66a03e23-bec4-4cd3-8fd4-ebd447201ed1,391eda5c-57c5-4327-8b64-78420f7669f6
53,2026-05-19 13:36:25.247244+00,32c5cfe5-ddcc-4230-a11a-f1fe99e36756,391eda5c-57c5-4327-8b64-78420f7609f6
54,2026-05-19 13:36:25.247244+00,66a03e23-bec4-4cd3-8fd4-ebd447201ed1,391eda5c-57c5-4327-8b64-78420f7609f6
55,2026-05-19 13:36:25.247244+00,75497336-75df-4fb2-bf2e-be74003ecba2,391eda5c-57c5-4327-8b64-78420f7609f6
56,2026-05-19 13:36:25.247244+00,9a1d588c-c64d-48dc-97d1-c805082a273e,391eda5c-57c5-4327-8b64-78420f7609f6
57,2026-05-19 13:36:25.247244+00,e23fcdcb-5cf6-48a5-8e74-38e2d4b79691,391eda5c-57c5-4327-8b64-78420f7609f6
58,2026-05-19 13:36:25.247244+00,fba772db-10be-4403-a88e-e907d39b31be,391eda5c-57c5-4327-8b64-78420f7609f6
59,2026-05-19 13:41:39.966304+00,32c5cfe5-ddcc-4230-a11a-f1fe99e36756,22224edd-d619-4b75-87b8-ad5808b828d8
60,2026-05-19 13:41:39.966304+00,9a1d588c-c64d-48dc-97d1-c805082a273e,22224edd-d619-4b75-87b8-ad5808b828d8
61,2026-05-19 13:41:39.966304+00,e23fcdcb-5cf6-48a5-8e74-38e2d4b79691,22224edd-d619-4b75-87b8-ad5808b828d8
62,2026-05-19 13:41:39.966304+00,fba772db-10be-4403-a88e-e907d39b31be,22224edd-d619-4b75-87b8-ad5808b828d8
63,2026-05-19 13:49:21.294176+00,66a03e23-bec4-4cd3-8fd4-ebd447201ed1,382eda5c-57c5-4327-8b64-78420f7669f2
64,2026-05-19 13:49:21.294176+00,9a1d588c-c64d-48dc-97d1-c805082a273e,382eda5c-57c5-4327-8b64-78420f7669f2
65,2026-05-19 13:49:21.294176+00,75497336-75df-4fb2-bf2e-be74003ecba2,382eda5c-57c5-4327-8b64-78420f7669f2
66,2026-05-19 13:49:21.294176+00,fba772db-10be-4403-a88e-e907d39b31be,382eda5c-57c5-4327-8b64-78420f7669f2
67,2026-05-19 13:52:26.203481+00,32c5cfe5-ddcc-4230-a11a-f1fe99e36756,5e305abe-a747-4fbd-8fbb-2f89d51fe7e4
68,2026-05-19 13:52:26.203481+00,66a03e23-bec4-4cd3-8fd4-ebd447201ed1,5e305abe-a747-4fbd-8fbb-2f89d51fe7e4
69,2026-05-19 13:52:26.203481+00,75497336-75df-4fb2-bf2e-be74003ecba2,5e305abe-a747-4fbd-8fbb-2f89d51fe7e4
70,2026-05-19 13:52:26.203481+00,9a1d588c-c64d-48dc-97d1-c805082a273e,5e305abe-a747-4fbd-8fbb-2f89d51fe7e4
71,2026-05-19 13:52:26.203481+00,e23fcdcb-5cf6-48a5-8e74-38e2d4b79691,5e305abe-a747-4fbd-8fbb-2f89d51fe7e4
72,2026-05-19 13:52:26.203481+00,fba772db-10be-4403-a88e-e907d39b31be,5e305abe-a747-4fbd-8fbb-2f89d51fe7e4
73,2026-05-19 13:54:24.523805+00,32c5cfe5-ddcc-4230-a11a-f1fe99e36756,d03ac4a8-941d-4b88-84a6-3563afb7e698
74,2026-05-19 13:56:36.758943+00,66a03e23-bec4-4cd3-8fd4-ebd447201ed1,71dd66f6-f205-435f-b2fb-cabca88e0f60
75,2026-05-19 13:56:36.758943+00,75497336-75df-4fb2-bf2e-be74003ecba2,71dd66f6-f205-435f-b2fb-cabca88e0f60
76,2026-05-19 13:56:36.758943+00,9a1d588c-c64d-48dc-97d1-c805082a273e,71dd66f6-f205-435f-b2fb-cabca88e0f60
77,2026-05-19 13:56:36.758943+00,e23fcdcb-5cf6-48a5-8e74-38e2d4b79691,71dd66f6-f205-435f-b2fb-cabca88e0f60
78,2026-05-19 13:56:36.758943+00,fba772db-10be-4403-a88e-e907d39b31be,71dd66f6-f205-435f-b2fb-cabca88e0f60
79,2026-05-19 14:02:55.207865+00,32c5cfe5-ddcc-4230-a11a-f1fe99e36756,5f659cb2-355e-4e3b-8d12-64c980e48ccd
80,2026-05-19 14:02:55.207865+00,75497336-75df-4fb2-bf2e-be74003ecba2,5f659cb2-355e-4e3b-8d12-64c980e48ccd
81,2026-05-19 14:02:55.207865+00,9a1d588c-c64d-48dc-97d1-c805082a273e,5f659cb2-355e-4e3b-8d12-64c980e48ccd
82,2026-05-19 14:02:55.207865+00,e23fcdcb-5cf6-48a5-8e74-38e2d4b79691,5f659cb2-355e-4e3b-8d12-64c980e48ccd
83,2026-05-19 14:02:55.207865+00,fba772db-10be-4403-a88e-e907d39b31be,5f659cb2-355e-4e3b-8d12-64c980e48ccd
84,2026-05-19 14:07:14.836217+00,32c5cfe5-ddcc-4230-a11a-f1fe99e36756,6beccbb1-fcb4-446f-a20b-d38d4cb484f9
85,2026-05-19 14:07:14.836217+00,66a03e23-bec4-4cd3-8fd4-ebd447201ed1,6beccbb1-fcb4-446f-a20b-d38d4cb484f9
86,2026-05-19 14:07:14.836217+00,75497336-75df-4fb2-bf2e-be74003ecba2,6beccbb1-fcb4-446f-a20b-d38d4cb484f9
87,2026-05-19 14:07:14.836217+00,9a1d588c-c64d-48dc-97d1-c805082a273e,6beccbb1-fcb4-446f-a20b-d38d4cb484f9
88,2026-05-19 14:07:14.836217+00,e23fcdcb-5cf6-48a5-8e74-38e2d4b79691,6beccbb1-fcb4-446f-a20b-d38d4cb484f9
89,2026-05-19 14:07:14.836217+00,fba772db-10be-4403-a88e-e907d39b31be,6beccbb1-fcb4-446f-a20b-d38d4cb484f9
90,2026-05-19 14:09:57.802899+00,66a03e23-bec4-4cd3-8fd4-ebd447201ed1,d6fb9405-0861-4268-b482-2caea7de1aad
91,2026-05-19 14:09:57.802899+00,75497336-75df-4fb2-bf2e-be74003ecba2,d6fb9405-0861-4268-b482-2caea7de1aad
92,2026-05-19 14:09:57.802899+00,9a1d588c-c64d-48dc-97d1-c805082a273e,d6fb9405-0861-4268-b482-2caea7de1aad
93,2026-05-19 14:09:57.802899+00,e23fcdcb-5cf6-48a5-8e74-38e2d4b79691,d6fb9405-0861-4268-b482-2caea7de1aad
94,2026-05-19 14:09:57.802899+00,fba772db-10be-4403-a88e-e907d39b31be,d6fb9405-0861-4268-b482-2caea7de1aad
95,2026-05-19 14:31:17.589371+00,66a03e23-bec4-4cd3-8fd4-ebd447201ed1,42a4f398-f24b-4ca3-819c-0c4dd67dbf96
96,2026-05-19 14:31:17.589371+00,75497336-75df-4fb2-bf2e-be74003ecba2,42a4f398-f24b-4ca3-819c-0c4dd67dbf96
97,2026-05-19 14:31:17.589371+00,9a1d588c-c64d-48dc-97d1-c805082a273e,42a4f398-f24b-4ca3-819c-0c4dd67dbf96
98,2026-05-19 14:31:17.589371+00,e23fcdcb-5cf6-48a5-8e74-38e2d4b79691,42a4f398-f24b-4ca3-819c-0c4dd67dbf96
99,2026-05-19 14:31:17.589371+00,fba772db-10be-4403-a88e-e907d39b31be,42a4f398-f24b-4ca3-819c-0c4dd67dbf96
100,2026-05-19 14:37:07.076199+00,32c5cfe5-ddcc-4230-a11a-f1fe99e36756,25ef1e63-5cd0-412e-9813-55ec3ab54b63
101,2026-05-19 14:37:07.076199+00,66a03e23-bec4-4cd3-8fd4-ebd447201ed1,25ef1e63-5cd0-412e-9813-55ec3ab54b63
102,2026-05-19 14:37:07.076199+00,75497336-75df-4fb2-bf2e-be74003ecba2,25ef1e63-5cd0-412e-9813-55ec3ab54b63
103,2026-05-19 14:37:07.076199+00,9a1d588c-c64d-48dc-97d1-c805082a273e,25ef1e63-5cd0-412e-9813-55ec3ab54b63
104,2026-05-19 14:37:07.076199+00,e23fcdcb-5cf6-48a5-8e74-38e2d4b79691,25ef1e63-5cd0-412e-9813-55ec3ab54b63
105,2026-05-19 14:37:07.076199+00,fba772db-10be-4403-a88e-e907d39b31be,25ef1e63-5cd0-412e-9813-55ec3ab54b63
106,2026-05-19 14:39:20.91558+00,66a03e23-bec4-4cd3-8fd4-ebd447201ed1,9343cf3f-94d4-41bf-b05b-976eaca81601
107,2026-05-19 14:39:20.91558+00,75497336-75df-4fb2-bf2e-be74003ecba2,9343cf3f-94d4-41bf-b05b-976eaca81601
108,2026-05-19 14:39:20.91558+00,9a1d588c-c64d-48dc-97d1-c805082a273e,9343cf3f-94d4-41bf-b05b-976eaca81601
109,2026-05-19 14:39:20.91558+00,e23fcdcb-5cf6-48a5-8e74-38e2d4b79691,9343cf3f-94d4-41bf-b05b-976eaca81601
110,2026-05-19 14:39:20.91558+00,fba772db-10be-4403-a88e-e907d39b31be,9343cf3f-94d4-41bf-b05b-976eaca81601
111,2026-05-19 14:42:01.273567+00,66a03e23-bec4-4cd3-8fd4-ebd447201ed1,89186051-e356-480f-96d9-fc48323b4ac5
112,2026-05-19 14:42:01.273567+00,75497336-75df-4fb2-bf2e-be74003ecba2,89186051-e356-480f-96d9-fc48323b4ac5
113,2026-05-19 14:42:01.273567+00,9a1d588c-c64d-48dc-97d1-c805082a273e,89186051-e356-480f-96d9-fc48323b4ac5
114,2026-05-19 14:42:01.273567+00,e23fcdcb-5cf6-48a5-8e74-38e2d4b79691,89186051-e356-480f-96d9-fc48323b4ac5
115,2026-05-19 14:42:01.273567+00,fba772db-10be-4403-a88e-e907d39b31be,89186051-e356-480f-96d9-fc48323b4ac5
116,2026-05-19 14:54:37.435788+00,32c5cfe5-ddcc-4230-a11a-f1fe99e36756,cf897403-d41c-4a7b-b16a-f565e31d4852
117,2026-05-19 14:54:37.435788+00,66a03e23-bec4-4cd3-8fd4-ebd447201ed1,cf897403-d41c-4a7b-b16a-f565e31d4852
118,2026-05-19 14:54:37.435788+00,75497336-75df-4fb2-bf2e-be74003ecba2,cf897403-d41c-4a7b-b16a-f565e31d4852
119,2026-05-19 14:54:37.435788+00,9a1d588c-c64d-48dc-97d1-c805082a273e,cf897403-d41c-4a7b-b16a-f565e31d4852
120,2026-05-19 14:54:37.435788+00,e23fcdcb-5cf6-48a5-8e74-38e2d4b79691,cf897403-d41c-4a7b-b16a-f565e31d4852
121,2026-05-19 14:54:37.435788+00,fba772db-10be-4403-a88e-e907d39b31be,cf897403-d41c-4a7b-b16a-f565e31d4852
122,2026-05-19 14:57:29.654744+00,32c5cfe5-ddcc-4230-a11a-f1fe99e36756,6d473247-3da7-414b-8711-b528000f6d78
123,2026-05-19 14:57:29.654744+00,66a03e23-bec4-4cd3-8fd4-ebd447201ed1,6d473247-3da7-414b-8711-b528000f6d78
124,2026-05-19 14:57:29.654744+00,75497336-75df-4fb2-bf2e-be74003ecba2,6d473247-3da7-414b-8711-b528000f6d78
125,2026-05-19 14:57:29.654744+00,9a1d588c-c64d-48dc-97d1-c805082a273e,6d473247-3da7-414b-8711-b528000f6d78
126,2026-05-19 14:57:29.654744+00,e23fcdcb-5cf6-48a5-8e74-38e2d4b79691,6d473247-3da7-414b-8711-b528000f6d78
127,2026-05-19 14:57:29.654744+00,fba772db-10be-4403-a88e-e907d39b31be,6d473247-3da7-414b-8711-b528000f6d78
128,2026-05-19 15:01:38.314059+00,66a03e23-bec4-4cd3-8fd4-ebd447201ed1,d26fd086-f547-4d27-be5a-a960fb4aada6
129,2026-05-19 15:01:38.314059+00,75497336-75df-4fb2-bf2e-be74003ecba2,d26fd086-f547-4d27-be5a-a960fb4aada6
130,2026-05-19 15:01:38.314059+00,9a1d588c-c64d-48dc-97d1-c805082a273e,d26fd086-f547-4d27-be5a-a960fb4aada6
131,2026-05-19 15:01:38.314059+00,e23fcdcb-5cf6-48a5-8e74-38e2d4b79691,d26fd086-f547-4d27-be5a-a960fb4aada6
132,2026-05-19 15:01:38.314059+00,fba772db-10be-4403-a88e-e907d39b31be,d26fd086-f547-4d27-be5a-a960fb4aada6
133,2026-05-19 15:03:48.336056+00,66a03e23-bec4-4cd3-8fd4-ebd447201ed1,ec5ea244-e396-441a-884c-49a646f90820
134,2026-05-19 15:03:48.336056+00,75497336-75df-4fb2-bf2e-be74003ecba2,ec5ea244-e396-441a-884c-49a646f90820
135,2026-05-19 15:03:48.336056+00,9a1d588c-c64d-48dc-97d1-c805082a273e,ec5ea244-e396-441a-884c-49a646f90820
136,2026-05-19 15:03:48.336056+00,e23fcdcb-5cf6-48a5-8e74-38e2d4b79691,ec5ea244-e396-441a-884c-49a646f90820
137,2026-05-19 15:03:48.336056+00,fba772db-10be-4403-a88e-e907d39b31be,ec5ea244-e396-441a-884c-49a646f90820
138,2026-05-19 15:06:23.527168+00,32c5cfe5-ddcc-4230-a11a-f1fe99e36756,989efcaa-3d6c-4d11-83e6-9cdb52011109
139,2026-05-19 15:06:23.527168+00,66a03e23-bec4-4cd3-8fd4-ebd447201ed1,989efcaa-3d6c-4d11-83e6-9cdb52011109
140,2026-05-19 15:06:23.527168+00,75497336-75df-4fb2-bf2e-be74003ecba2,989efcaa-3d6c-4d11-83e6-9cdb52011109
141,2026-05-19 15:06:23.527168+00,9a1d588c-c64d-48dc-97d1-c805082a273e,989efcaa-3d6c-4d11-83e6-9cdb52011109
142,2026-05-19 15:06:23.527168+00,e23fcdcb-5cf6-48a5-8e74-38e2d4b79691,989efcaa-3d6c-4d11-83e6-9cdb52011109
143,2026-05-19 15:06:23.527168+00,fba772db-10be-4403-a88e-e907d39b31be,989efcaa-3d6c-4d11-83e6-9cdb52011109
144,2026-05-19 15:09:14.27796+00,32c5cfe5-ddcc-4230-a11a-f1fe99e36756,1a366123-e2a8-49df-97a0-ec7f744519ad
145,2026-05-19 15:09:14.27796+00,66a03e23-bec4-4cd3-8fd4-ebd447201ed1,1a366123-e2a8-49df-97a0-ec7f744519ad
146,2026-05-19 15:09:14.27796+00,75497336-75df-4fb2-bf2e-be74003ecba2,1a366123-e2a8-49df-97a0-ec7f744519ad
147,2026-05-19 15:09:14.27796+00,9a1d588c-c64d-48dc-97d1-c805082a273e,1a366123-e2a8-49df-97a0-ec7f744519ad
148,2026-05-19 15:09:14.27796+00,e23fcdcb-5cf6-48a5-8e74-38e2d4b79691,1a366123-e2a8-49df-97a0-ec7f744519ad
149,2026-05-19 15:09:14.27796+00,fba772db-10be-4403-a88e-e907d39b31be,1a366123-e2a8-49df-97a0-ec7f744519ad
150,2026-05-19 15:11:25.765461+00,32c5cfe5-ddcc-4230-a11a-f1fe99e36756,837f20ff-733e-4aee-8ed0-506ece66a91d
151,2026-05-19 15:11:25.765461+00,66a03e23-bec4-4cd3-8fd4-ebd447201ed1,837f20ff-733e-4aee-8ed0-506ece66a91d
152,2026-05-19 15:11:25.765461+00,75497336-75df-4fb2-bf2e-be74003ecba2,837f20ff-733e-4aee-8ed0-506ece66a91d
153,2026-05-19 15:11:25.765461+00,9a1d588c-c64d-48dc-97d1-c805082a273e,837f20ff-733e-4aee-8ed0-506ece66a91d
154,2026-05-19 15:11:25.765461+00,e23fcdcb-5cf6-48a5-8e74-38e2d4b79691,837f20ff-733e-4aee-8ed0-506ece66a91d
155,2026-05-19 15:11:25.765461+00,fba772db-10be-4403-a88e-e907d39b31be,837f20ff-733e-4aee-8ed0-506ece66a91d
156,2026-05-19 15:13:22.415391+00,32c5cfe5-ddcc-4230-a11a-f1fe99e36756,0a60340e-dc03-43f1-9cc8-ed0f184bcac7
157,2026-05-19 15:13:22.415391+00,66a03e23-bec4-4cd3-8fd4-ebd447201ed1,0a60340e-dc03-43f1-9cc8-ed0f184bcac7
158,2026-05-19 15:13:22.415391+00,75497336-75df-4fb2-bf2e-be74003ecba2,0a60340e-dc03-43f1-9cc8-ed0f184bcac7
159,2026-05-19 15:13:22.415391+00,9a1d588c-c64d-48dc-97d1-c805082a273e,0a60340e-dc03-43f1-9cc8-ed0f184bcac7
160,2026-05-19 15:13:22.415391+00,e23fcdcb-5cf6-48a5-8e74-38e2d4b79691,0a60340e-dc03-43f1-9cc8-ed0f184bcac7
161,2026-05-19 15:13:22.415391+00,fba772db-10be-4403-a88e-e907d39b31be,0a60340e-dc03-43f1-9cc8-ed0f184bcac7
162,2026-05-19 15:16:31.958743+00,32c5cfe5-ddcc-4230-a11a-f1fe99e36756,0b9e03b3-2a11-452e-8d0f-c2768835662b
163,2026-05-19 15:16:31.958743+00,66a03e23-bec4-4cd3-8fd4-ebd447201ed1,0b9e03b3-2a11-452e-8d0f-c2768835662b
164,2026-05-19 15:16:31.958743+00,75497336-75df-4fb2-bf2e-be74003ecba2,0b9e03b3-2a11-452e-8d0f-c2768835662b
165,2026-05-19 15:16:31.958743+00,9a1d588c-c64d-48dc-97d1-c805082a273e,0b9e03b3-2a11-452e-8d0f-c2768835662b
166,2026-05-19 15:16:31.958743+00,e23fcdcb-5cf6-48a5-8e74-38e2d4b79691,0b9e03b3-2a11-452e-8d0f-c2768835662b
167,2026-05-19 15:16:31.958743+00,fba772db-10be-4403-a88e-e907d39b31be,0b9e03b3-2a11-452e-8d0f-c2768835662b
168,2026-05-19 15:22:10.715403+00,32c5cfe5-ddcc-4230-a11a-f1fe99e36756,b71e8497-c636-4dbf-976d-c6d39d15163a
169,2026-05-19 15:22:10.715403+00,66a03e23-bec4-4cd3-8fd4-ebd447201ed1,b71e8497-c636-4dbf-976d-c6d39d15163a
170,2026-05-19 15:22:10.715403+00,75497336-75df-4fb2-bf2e-be74003ecba2,b71e8497-c636-4dbf-976d-c6d39d15163a
171,2026-05-19 15:22:10.715403+00,9a1d588c-c64d-48dc-97d1-c805082a273e,b71e8497-c636-4dbf-976d-c6d39d15163a
172,2026-05-19 15:22:10.715403+00,e23fcdcb-5cf6-48a5-8e74-38e2d4b79691,b71e8497-c636-4dbf-976d-c6d39d15163a
173,2026-05-19 15:22:10.715403+00,fba772db-10be-4403-a88e-e907d39b31be,b71e8497-c636-4dbf-976d-c6d39d15163a
174,2026-05-19 16:14:44.281725+00,66a03e23-bec4-4cd3-8fd4-ebd447201ed1,68ada9e1-8ed2-4364-9556-d99c093acc31
175,2026-05-19 16:14:44.281725+00,fba772db-10be-4403-a88e-e907d39b31be,68ada9e1-8ed2-4364-9556-d99c093acc31
176,2026-05-19 16:14:44.281725+00,e23fcdcb-5cf6-48a5-8e74-38e2d4b79691,68ada9e1-8ed2-4364-9556-d99c093acc31
177,2026-05-19 16:14:44.281725+00,75497336-75df-4fb2-bf2e-be74003ecba2,68ada9e1-8ed2-4364-9556-d99c093acc31
178,2026-05-19 16:14:44.281725+00,9a1d588c-c64d-48dc-97d1-c805082a273e,68ada9e1-8ed2-4364-9556-d99c093acc31
179,2026-05-19 16:14:44.281725+00,32c5cfe5-ddcc-4230-a11a-f1fe99e36756,68ada9e1-8ed2-4364-9556-d99c093acc31
180,2026-05-19 16:41:08.722925+00,fba772db-10be-4403-a88e-e907d39b31be,d9fc19a2-70d8-4716-9a68-fa5136977f36
181,2026-05-19 16:41:08.722925+00,75497336-75df-4fb2-bf2e-be74003ecba2,d9fc19a2-70d8-4716-9a68-fa5136977f36
182,2026-05-19 17:57:39.7789+00,66a03e23-bec4-4cd3-8fd4-ebd447201ed1,cd307360-a421-4ec0-9d81-e97789597093
183,2026-05-19 17:57:39.7789+00,fba772db-10be-4403-a88e-e907d39b31be,cd307360-a421-4ec0-9d81-e97789597093
184,2026-05-19 17:57:39.7789+00,e23fcdcb-5cf6-48a5-8e74-38e2d4b79691,cd307360-a421-4ec0-9d81-e97789597093
185,2026-05-19 17:57:39.7789+00,75497336-75df-4fb2-bf2e-be74003ecba2,cd307360-a421-4ec0-9d81-e97789597093
186,2026-05-19 17:57:39.7789+00,9a1d588c-c64d-48dc-97d1-c805082a273e,cd307360-a421-4ec0-9d81-e97789597093
187,2026-05-19 17:57:39.7789+00,32c5cfe5-ddcc-4230-a11a-f1fe99e36756,cd307360-a421-4ec0-9d81-e97789597093
188,2026-05-19 19:35:54.913264+00,32c5cfe5-ddcc-4230-a11a-f1fe99e36756,16641a29-1d75-4049-a365-2d047124b1e1
189,2026-05-19 19:35:54.913264+00,66a03e23-bec4-4cd3-8fd4-ebd447201ed1,16641a29-1d75-4049-a365-2d047124b1e1
190,2026-05-19 19:35:54.913264+00,75497336-75df-4fb2-bf2e-be74003ecba2,16641a29-1d75-4049-a365-2d047124b1e1
191,2026-05-19 19:35:54.913264+00,9a1d588c-c64d-48dc-97d1-c805082a273e,16641a29-1d75-4049-a365-2d047124b1e1
192,2026-05-19 19:35:54.913264+00,e23fcdcb-5cf6-48a5-8e74-38e2d4b79691,16641a29-1d75-4049-a365-2d047124b1e1
193,2026-05-19 19:35:54.913264+00,fba772db-10be-4403-a88e-e907d39b31be,16641a29-1d75-4049-a365-2d047124b1e1
194,2026-05-19 19:39:24.535917+00,32c5cfe5-ddcc-4230-a11a-f1fe99e36756,4f7ff42b-7ab8-4fac-bfd0-3e69cd97cfaa
195,2026-05-19 19:39:24.535917+00,66a03e23-bec4-4cd3-8fd4-ebd447201ed1,4f7ff42b-7ab8-4fac-bfd0-3e69cd97cfaa
196,2026-05-19 19:39:24.535917+00,75497336-75df-4fb2-bf2e-be74003ecba2,4f7ff42b-7ab8-4fac-bfd0-3e69cd97cfaa
197,2026-05-19 19:39:24.535917+00,9a1d588c-c64d-48dc-97d1-c805082a273e,4f7ff42b-7ab8-4fac-bfd0-3e69cd97cfaa
198,2026-05-19 19:39:24.535917+00,e23fcdcb-5cf6-48a5-8e74-38e2d4b79691,4f7ff42b-7ab8-4fac-bfd0-3e69cd97cfaa
199,2026-05-19 19:39:24.535917+00,fba772db-10be-4403-a88e-e907d39b31be,4f7ff42b-7ab8-4fac-bfd0-3e69cd97cfaa
200,2026-05-20 06:45:10.918316+00,66a03e23-bec4-4cd3-8fd4-ebd447201ed1,2a1c2292-3ca6-4233-988b-d469cc8a5642
201,2026-05-20 06:45:10.918316+00,fba772db-10be-4403-a88e-e907d39b31be,2a1c2292-3ca6-4233-988b-d469cc8a5642
202,2026-05-20 06:45:10.918316+00,e23fcdcb-5cf6-48a5-8e74-38e2d4b79691,2a1c2292-3ca6-4233-988b-d469cc8a5642
203,2026-05-20 06:45:10.918316+00,75497336-75df-4fb2-bf2e-be74003ecba2,2a1c2292-3ca6-4233-988b-d469cc8a5642
204,2026-05-20 06:45:10.918316+00,9a1d588c-c64d-48dc-97d1-c805082a273e,2a1c2292-3ca6-4233-988b-d469cc8a5642
205,2026-05-20 06:45:10.918316+00,32c5cfe5-ddcc-4230-a11a-f1fe99e36756,2a1c2292-3ca6-4233-988b-d469cc8a5642
206,2026-05-20 16:22:12.686336+00,66a03e23-bec4-4cd3-8fd4-ebd447201ed1,49884ad8-dbb7-4e9d-9fa2-2e39b2ac5999
207,2026-05-20 16:22:12.686336+00,fba772db-10be-4403-a88e-e907d39b31be,49884ad8-dbb7-4e9d-9fa2-2e39b2ac5999
208,2026-05-20 16:22:12.686336+00,e23fcdcb-5cf6-48a5-8e74-38e2d4b79691,49884ad8-dbb7-4e9d-9fa2-2e39b2ac5999
209,2026-05-20 16:22:12.686336+00,75497336-75df-4fb2-bf2e-be74003ecba2,49884ad8-dbb7-4e9d-9fa2-2e39b2ac5999
210,2026-05-20 16:22:12.686336+00,9a1d588c-c64d-48dc-97d1-c805082a273e,49884ad8-dbb7-4e9d-9fa2-2e39b2ac5999
211,2026-05-20 16:22:12.686336+00,32c5cfe5-ddcc-4230-a11a-f1fe99e36756,49884ad8-dbb7-4e9d-9fa2-2e39b2ac5999
212,2026-05-20 16:22:39.530734+00,66a03e23-bec4-4cd3-8fd4-ebd447201ed1,97333893-d251-4888-8f1d-dfb96eed52e8
213,2026-05-20 16:22:39.530734+00,fba772db-10be-4403-a88e-e907d39b31be,97333893-d251-4888-8f1d-dfb96eed52e8
214,2026-05-20 16:22:39.530734+00,e23fcdcb-5cf6-48a5-8e74-38e2d4b79691,97333893-d251-4888-8f1d-dfb96eed52e8
215,2026-05-20 16:22:39.530734+00,75497336-75df-4fb2-bf2e-be74003ecba2,97333893-d251-4888-8f1d-dfb96eed52e8
216,2026-05-20 16:22:39.530734+00,9a1d588c-c64d-48dc-97d1-c805082a273e,97333893-d251-4888-8f1d-dfb96eed52e8
217,2026-05-29 07:28:09.742115+00,32c5cfe5-ddcc-4230-a11a-f1fe99e36756,5df2a490-0785-446e-996f-b6580684489d
218,2026-05-31 15:41:01.049591+00,66a03e23-bec4-4cd3-8fd4-ebd447201ed1,9509a457-8e24-4e2c-8168-548c1ad64a1e
219,2026-05-31 15:41:01.049591+00,fba772db-10be-4403-a88e-e907d39b31be,9509a457-8e24-4e2c-8168-548c1ad64a1e
220,2026-05-31 15:41:01.049591+00,e23fcdcb-5cf6-48a5-8e74-38e2d4b79691,9509a457-8e24-4e2c-8168-548c1ad64a1e
221,2026-05-31 15:41:01.049591+00,75497336-75df-4fb2-bf2e-be74003ecba2,9509a457-8e24-4e2c-8168-548c1ad64a1e
222,2026-05-31 15:41:01.049591+00,9a1d588c-c64d-48dc-97d1-c805082a273e,9509a457-8e24-4e2c-8168-548c1ad64a1e
223,2026-06-04 14:46:36.672811+00,66a03e23-bec4-4cd3-8fd4-ebd447201ed1,4446a08c-63bd-4917-91bc-7097233719df
224,2026-06-04 14:46:36.672811+00,fba772db-10be-4403-a88e-e907d39b31be,4446a08c-63bd-4917-91bc-7097233719df
225,2026-06-04 14:46:36.672811+00,e23fcdcb-5cf6-48a5-8e74-38e2d4b79691,4446a08c-63bd-4917-91bc-7097233719df
226,2026-06-04 14:46:36.672811+00,75497336-75df-4fb2-bf2e-be74003ecba2,4446a08c-63bd-4917-91bc-7097233719df
227,2026-06-15 19:46:13.643944+00,66a03e23-bec4-4cd3-8fd4-ebd447201ed1,f44ebae9-5ad5-448c-b035-fa7e5b7be35e
228,2026-06-15 19:46:13.643944+00,fba772db-10be-4403-a88e-e907d39b31be,f44ebae9-5ad5-448c-b035-fa7e5b7be35e
229,2026-06-15 19:46:13.643944+00,e23fcdcb-5cf6-48a5-8e74-38e2d4b79691,f44ebae9-5ad5-448c-b035-fa7e5b7be35e
230,2026-06-15 19:46:13.643944+00,75497336-75df-4fb2-bf2e-be74003ecba2,f44ebae9-5ad5-448c-b035-fa7e5b7be35e
231,2026-06-15 19:46:13.643944+00,9a1d588c-c64d-48dc-97d1-c805082a273e,f44ebae9-5ad5-448c-b035-fa7e5b7be35e
232,2026-06-18 08:41:07.502416+00,66a03e23-bec4-4cd3-8fd4-ebd447201ed1,ed5f1378-0c3a-4f1d-9760-443467d587d9
233,2026-06-18 08:41:07.502416+00,e23fcdcb-5cf6-48a5-8e74-38e2d4b79691,ed5f1378-0c3a-4f1d-9760-443467d587d9
234,2026-06-18 08:41:07.502416+00,9a1d588c-c64d-48dc-97d1-c805082a273e,ed5f1378-0c3a-4f1d-9760-443467d587d9
235,2026-06-18 08:41:07.502416+00,32c5cfe5-ddcc-4230-a11a-f1fe99e36756,ed5f1378-0c3a-4f1d-9760-443467d587d9
236,2026-06-19 22:58:06.774206+00,66a03e23-bec4-4cd3-8fd4-ebd447201ed1,25203dd1-5d10-467b-90c1-b941dc5859a9
237,2026-06-19 22:58:06.774206+00,fba772db-10be-4403-a88e-e907d39b31be,25203dd1-5d10-467b-90c1-b941dc5859a9
238,2026-06-19 22:58:06.774206+00,e23fcdcb-5cf6-48a5-8e74-38e2d4b79691,25203dd1-5d10-467b-90c1-b941dc5859a9
239,2026-06-19 22:58:06.774206+00,75497336-75df-4fb2-bf2e-be74003ecba2,25203dd1-5d10-467b-90c1-b941dc5859a9
240,2026-06-19 22:58:06.774206+00,9a1d588c-c64d-48dc-97d1-c805082a273e,25203dd1-5d10-467b-90c1-b941dc5859a9
241,2026-07-12 21:40:57.75808+00,fba772db-10be-4403-a88e-e907d39b31be,731e03b1-eab0-4d70-9924-6e82f6cb7a54
242,2026-07-14 09:26:34.139334+00,fba772db-10be-4403-a88e-e907d39b31be,72d6d28f-6e03-4f42-92c6-499941515c65
243,2026-07-14 09:26:34.139334+00,e23fcdcb-5cf6-48a5-8e74-38e2d4b79691,72d6d28f-6e03-4f42-92c6-499941515c65
244,2026-07-14 09:26:34.139334+00,75497336-75df-4fb2-bf2e-be74003ecba2,72d6d28f-6e03-4f42-92c6-499941515c65
245,2026-07-14 09:26:34.139334+00,9a1d588c-c64d-48dc-97d1-c805082a273e,72d6d28f-6e03-4f42-92c6-499941515c65
246,2026-07-14 09:26:34.139334+00,32c5cfe5-ddcc-4230-a11a-f1fe99e36756,72d6d28f-6e03-4f42-92c6-499941515c65
247,2026-08-12 13:57:21.256921+00,32c5cfe5-ddcc-4230-a11a-f1fe99e36756,c19ed72b-4563-41e1-b92b-688c15124af4
248,2026-08-12 21:30:57.227214+00,fba772db-10be-4403-a88e-e907d39b31be,6251fa2b-de3c-4e93-9308-30e484f68711
249,2026-08-12 21:30:57.227214+00,e23fcdcb-5cf6-48a5-8e74-38e2d4b79691,6251fa2b-de3c-4e93-9308-30e484f68711
250,2026-08-13 08:40:09.525656+00,66a03e23-bec4-4cd3-8fd4-ebd447201ed1,937c00de-49f7-483b-918e-84c61cdec7c7
251,2026-08-13 08:40:09.525656+00,e23fcdcb-5cf6-48a5-8e74-38e2d4b79691,937c00de-49f7-483b-918e-84c61cdec7c7
252,2026-08-13 09:21:56.154688+00,66a03e23-bec4-4cd3-8fd4-ebd447201ed1,912ad0cd-b4bf-4641-8352-8f62d2d46eee
253,2026-08-13 09:21:56.154688+00,fba772db-10be-4403-a88e-e907d39b31be,912ad0cd-b4bf-4641-8352-8f62d2d46eee
254,2026-08-13 09:21:56.154688+00,75497336-75df-4fb2-bf2e-be74003ecba2,912ad0cd-b4bf-4641-8352-8f62d2d46eee
255,2026-08-13 10:04:54.509374+00,66a03e23-bec4-4cd3-8fd4-ebd447201ed1,83711ca6-8129-43a7-9626-887be438710b
256,2026-08-13 10:04:54.509374+00,fba772db-10be-4403-a88e-e907d39b31be,83711ca6-8129-43a7-9626-887be438710b
257,2026-08-13 10:04:54.509374+00,e23fcdcb-5cf6-48a5-8e74-38e2d4b79691,83711ca6-8129-43a7-9626-887be438710b
258,2026-08-13 10:04:54.509374+00,9a1d588c-c64d-48dc-97d1-c805082a273e,83711ca6-8129-43a7-9626-887be438710b
259,2026-08-17 12:40:09.906528+00,66a03e23-bec4-4cd3-8fd4-ebd447201ed1,aa178cf1-6d33-45a1-8213-9eb9f1412553
260,2026-08-17 12:40:09.906528+00,fba772db-10be-4403-a88e-e907d39b31be,aa178cf1-6d33-45a1-8213-9eb9f1412553
261,2026-08-17 12:40:09.906528+00,75497336-75df-4fb2-bf2e-be74003ecba2,aa178cf1-6d33-45a1-8213-9eb9f1412553
262,2026-08-17 12:40:09.906528+00,9a1d588c-c64d-48dc-97d1-c805082a273e,aa178cf1-6d33-45a1-8213-9eb9f1412553
263,2026-08-17 12:40:09.906528+00,32c5cfe5-ddcc-4230-a11a-f1fe99e36756,aa178cf1-6d33-45a1-8213-9eb9f1412553
264,2026-08-20 12:28:21.204339+00,32c5cfe5-ddcc-4230-a11a-f1fe99e36756,2ee9184d-0cb8-42c2-a969-36d451f74cbb
265,2026-08-20 21:44:12.648738+00,66a03e23-bec4-4cd3-8fd4-ebd447201ed1,7282777b-73d1-4064-95ba-e60bf4204105
266,2026-08-20 21:44:12.648738+00,fba772db-10be-4403-a88e-e907d39b31be,7282777b-73d1-4064-95ba-e60bf4204105
267,2026-08-20 21:44:12.648738+00,e23fcdcb-5cf6-48a5-8e74-38e2d4b79691,7282777b-73d1-4064-95ba-e60bf4204105
268,2026-08-20 21:44:12.648738+00,75497336-75df-4fb2-bf2e-be74003ecba2,7282777b-73d1-4064-95ba-e60bf4204105
269,2026-08-20 21:44:12.648738+00,9a1d588c-c64d-48dc-97d1-c805082a273e,7282777b-73d1-4064-95ba-e60bf4204105
270,2026-08-20 21:44:12.648738+00,32c5cfe5-ddcc-4230-a11a-f1fe99e36756,7282777b-73d1-4064-95ba-e60bf4204105
271,2026-08-25 16:28:19.116817+00,66a03e23-bec4-4cd3-8fd4-ebd447201ed1,9c7b4621-b9ad-4096-a5fe-25fed87b669e
272,2026-08-25 16:28:19.116817+00,fba772db-10be-4403-a88e-e907d39b31be,9c7b4621-b9ad-4096-a5fe-25fed87b669e
273,2026-08-25 16:28:19.116817+00,e23fcdcb-5cf6-48a5-8e74-38e2d4b79691,9c7b4621-b9ad-4096-a5fe-25fed87b669e
274,2026-08-25 16:28:19.116817+00,75497336-75df-4fb2-bf2e-be74003ecba2,9c7b4621-b9ad-4096-a5fe-25fed87b669e
275,2026-08-25 16:28:19.116817+00,9a1d588c-c64d-48dc-97d1-c805082a273e,9c7b4621-b9ad-4096-a5fe-25fed87b669e
276,2026-08-25 16:28:19.116817+00,32c5cfe5-ddcc-4230-a11a-f1fe99e36756,9c7b4621-b9ad-4096-a5fe-25fed87b669e
277,2026-08-27 17:34:36.168604+00,66a03e23-bec4-4cd3-8fd4-ebd447201ed1,3381464d-1bb3-427d-86fc-f9f0431d2d1d
278,2026-08-27 17:34:36.168604+00,fba772db-10be-4403-a88e-e907d39b31be,3381464d-1bb3-427d-86fc-f9f0431d2d1d
279,2026-08-27 17:34:36.168604+00,e23fcdcb-5cf6-48a5-8e74-38e2d4b79691,3381464d-1bb3-427d-86fc-f9f0431d2d1d
280,2026-08-27 17:34:36.168604+00,75497336-75df-4fb2-bf2e-be74003ecba2,3381464d-1bb3-427d-86fc-f9f0431d2d1d
281,2026-08-27 17:34:36.168604+00,9a1d588c-c64d-48dc-97d1-c805082a273e,3381464d-1bb3-427d-86fc-f9f0431d2d1d